{
    "accuracy": 0.9654545454545455,
    "precision": 0.9809236947791165,
    "recall": 0.9809236947791165,
    "f1_score": 0.9809236947791165,
    "confusion_matrix": [
        [
            85,
            19
        ],
        [
            19,
            977
        ]
    ]
}